AABENRAA,DENMARK
AAHEIM,NORWAY
AALBORG,DENMARK
AALESUND,NORWAY
AANDALSNES,NORWAY
AARDALSTANGEN,NORWAY
AARHUS,DENMARK
AASIAAT,GREENLAND
ABBOT POINT,AUSTRALIA
ABERDEEN SCOT,UK
ABERDEENWA.,USA
ABIDJAN,COTE D'IVOIRE
ABO TERMINAL,NIGERIA
ABU DHABI,UAE
ABU DHABI TA 1,UAE
ABU DHABI TA 2,UAE
ABU QIR,EGYPT
ABU ZENIMA,EGYPT
ACAJUTLA,EL SALVADOR
ACAPULCO,MEXICO
ACCRA,GHANA
ACEVEDO,ARGENTINA
ACHLADI,GREECE
ADABIYA,EGYPT
ADANG BAY,INDONESIA
ADELAIDE,AUSTRALIA
ADEN,YEMEN
ADLAY,PHILIPPINES
AGADIR,MOROCCO
AGBAMI TERMINAL,NIGERIA
AGHIA MARINA,GREECE
AGIGEA,ROMANIA
AGIOI THEODOROI,GREECE
AGIOS NIKOLAOS,GREECE
AGOTNES,NORWAY
AIN SUKHNA,EGYPT
AIOI,JAPAN
AJACCIO,FRANCE
AJMAN,UAE
AKAROA,NEW ZEALAND
AKASAKI,JAPAN
AKCANSA,TURKEY
AKITA,JAPAN
AKPO TERMINAL,NIGERIA
AKUREYRI,ICELAND
AL JUBAIL,SAUDI ARABIA
AL KHUMS,LIBYA
AL SHAHEEN TERMINAL,QATAR
ALAMEDA,USA
ALANYA,TURKEY
ALBANY,USA
ALBANYAUST.,AUSTRALIA
ALCANAR,SPAIN
ALCOY,PHILIPPINES
ALCUDIA,SPAIN
ALEXANDRIA,EGYPT
ALGECIRAS,SPAIN
ALGHERO,ITALY
ALGIERS,ALGERIA
ALIAGA,TURKEY
ALICANTE,SPAIN
ALLIANCE,USA
ALLYNS POINT,USA
ALMERIA,SPAIN
ALOTAU,PAPUA NEW GUINEA
ALPHA ZONE,ARGENTINA
ALTAMIRA,MEXICO
ALUMAR BRAZIL,BRAZIL
AMA LOUISANA USA,USA
AMAGASAKI,JAPAN
AMALFI,ITALY
AMAMAPARE,INDONESIA
AMAZON RIVER,BRAZIL
AMBARLI TERMINAL,TURKEY
AMBON,INDONESIA
AMBROSE L/V,USA
AMSTERDAM,NETHERLANDS
AMUAY BAY,VENEZUELA
AMURANG,INDONESIA
AN PING,TAIWAN
ANACORTES,USA
ANCHORAGE,USA
ANCONA,ITALY
ANCUD,CHILE
ANGAMOS,CHILE
ANGRA DOS REIS,BRAZIL
ANNABA,ALGERIA
ANNAPOLIS,USA
ANTALYA,TURKEY
ANTAN TERMINAL,NIGERIA
ANTIBES,FRANCE
ANTIFER,FRANCE
ANTOFAGASTA,CHILE
ANTONINA,BRAZIL
ANTWERP,BELGIUM
ANYER,INDONESIA
AOMORI,JAPAN
APAPA,NIGERIA
APARRI,PHILIPPINES
APIA,SAMOA
APRA HARBOR,GUAM
AQABA,JORDAN
ARACAJU,BRAZIL
ARANSAS PASS,USA
ARATU,BRAZIL
ARAYA,VENEZUELA
ARBATAX,ITALY
ARDJUNA TERMINAL,INDONESIA
ARDROSSAN,AUSTRALIA
AREIA BRANCA,BRAZIL
ARENDAL,NORWAY
ARGENTIA,CANADA
ARGUINEGUIN,SPAIN
ARICA,CHILE
ARKHANGELSK,RUSSIA
ARRECIFE,SPAIN
ARZEW,ALGERIA
ASALUYEH TERMINAL,IRAN
ASAM ASAM,INDONESIA
ASH SHIHR TERMINAL,YEMEN
ASHDOD,ISRAEL
ASHKELON,ISRAEL
ASNAES,DENMARK
ASSALUYEH,IRAN
ASSEMINI,ITALY
ASTAKOS,GREECE
ASTORIA,USA
ATICO,PERU
AUCKLAND,NEW ZEALAND
AUGHINISH ISLAND,IRELAND
AUGUSTA,ITALY
AUKRA,NORWAY
AULDS COVE,CANADA
AUTOPORT,TURKEY
AVCILAR,TURKEY
AVEIRO,PORTUGAL
AVILES,SPAIN
AVONMOUTH,UK
AYR,UK
AZUA,DOMINICAN REPUBLIC
AZURITE TERMINAL,CONGO
BA NGOI,VIETNAM
BACOLOD,PHILIPPINES
BACONG,PHILIPPINES
BADAK,INDONESIA
BADE,INDONESIA
BAHIA,BRAZIL
BAHIA BLANCA,ARGENTINA
BAHODOPI,INDONESIA
BAIE COMEAU,CANADA
BAIE DU PRONY,NEW CALEDONIA
BAKAR,CROATIA
BAKONGAN SEA PORT,INDONESIA
BALAMBAN,PHILIPPINES
BALBOA,PANAMA
BALHAF,YEMEN
BALIKPAPAN,INDONESIA
BALTIMORE,USA
BALTIMORE (VIA DELAWARE BAY),USA
BALTIYSK,RUSSIA
BANANA,CONGO
BANDA ACEH,INDONESIA
BANDAR ABBAS,IRAN
BANDAR ASALUYEH,IRAN
BANDAR IMAM KHOMEINI,IRAN
BANDAR KHOMEINI,IRAN
BANDAR MAHSHAHR,IRAN
BANDAR SHAH RAJAI,IRAN
BANDIRMA,TURKEY
BANG SAPHAN,THAILAND
BANGKOK,THAILAND
BANGKU,INDONESIA
BANIAS,SYRIA
BANJARMASIN,INDONESIA
BANJUL,GAMBIA
BANTEN,INDONESIA
BANTRY BAY,IRELAND
BAOSHAN,CHINA
BAR,MONTENEGRO
BAR HARBOR MAINE,USA
BARAHONA,DOMINICAN REPUBLIC
BARBERS POINT,USA
BARCADERA,ARUBA
BARCARENA,BRAZIL
BARCELONA,SPAIN
BARI ITALY,ITALY
BARIA SERECE,VIETNAM
BARKLEY SOUND,CANADA
BARLETTA,ITALY
BARQUITO,CHILE
BARRA DE NAVIDAD,MEXICO
BARRA DO DANDE,ANGOLA
BARRA DOS COQUEIROS,BRAZIL
BARRA NORTE BRAZIL,BRAZIL
BARRANQUILLA,COLOMBIA
BARREIRO,PORTUGAL
BARROW,USA
BARRY,UK
BASAMUK,PAPUA NEW GUINEA
BASRAH,IRAQ
BASRAH OFFSHORE OIL TERMINAL,IRAQ
BASSE INDRE,FRANCE
BASSE-TERRE,GUADELOUPE
BASSETERRE,SAINT KITTS AND NEVIS
BASTIA,FRANCE
BASUO,CHINA
BATA,EQUATORIAL GUINEA
BATAAN,PHILIPPINES
BATAM,INDONESIA
BATAM ISLAND,INDONESIA
BATANGAS,PHILIPPINES
BATON ROUGE,USA
BATULICIN,INDONESIA
BATUMI,GEORGIA
BAUBAU,INDONESIA
BAY BULLS,CANADA
BAY PORT,USA
BAY ROBERTS,CANADA
BAYONNE FR.,FRANCE
BAYONNE N.J.,USA
BAYOVAR,PERU
BAYRAKTAR TERMINAL,TURKEY
BAYSIDE,CANADA
BAYTOWN,USA
BAYU UNDAN,AUSTRALIA
BAYUQUAN,CHINA
BEAUMONT,USA
BECANCOUR,CANADA
BEDI,INDIA
BEI HAI,CHINA
BEILUN,CHINA
BEIRA,MOZAMBIQUE
BEIRUT,LEBANON
BEJAIA,ALGERIA
BELAWAN,INDONESIA
BELEKERI,INDIA
BELEM,BRAZIL
BELFAST,UK
BELIZE CITY,BELIZE
BELL BAY,AUSTRALIA
BELLEDUNE,CANADA
BENETE BAY,INDONESIA
BENGHAZI,LIBYA
BENGKULUINDONESIA,INDONESIA
BENGUELA,ANGOLA
BENICIA,USA
BENOA,INDONESIA
BERBERA,SOMALIA
BERDYANSK,UKRAINE
BERGEN,NORWAY
BERKELEY SOUND,FALKLAND ISLANDS
BERMEO,SPAIN
BERONG,PHILIPPINES
BEVERWIJK,NETHERLANDS
BHAVNAGAR,INDIA
BIAK,INDONESIA
BIALLA,PAPUA NEW GUINEA
BIJELA,SERBIA & MONTENEGRO
BILBAO,SPAIN
BING BONG,AUSTRALIA
BINTAN,MALAYSIA
BINTULU,MALAYSIA
BIRINGKASI,INDONESIA
BIRKENHEAD,UK
BISLIG,PHILIPPINES
BISSAU,GUINEA-BISSAU
BITUNG,INDONESIA
BIZERTE,TUNISIA
BLANC-SABLON,CANADA
BLANG LANCANG,INDONESIA
BLUFF,NEW ZEALAND
BLYTH,UK
BOCA CHICA,DOMINICAN REPUBLIC
BOCA GRANDE,USA
BOCA GRANDEVENEZ.,VENEZUELA
BODRUM,TURKEY
BOMA,CONGO
BONGA OFFSHORE TERMINAL,NIGERIA
BONIFACIO,FRANCE
BONNY,NIGERIA
BONNY TERMINAL,NIGERIA
BONTANG,INDONESIA
BORA BORA,FRENCH POLYNESIA
BORDEAUX,FRANCE
BORNHOLM P/S,DENMARK
BORYEONG,KOREA
BOSTON,USA
BOTANY BAY,AUSTRALIA
BOTAS,TURKEY
BOULOGNE,FRANCE
BOURGAS,BULGARIA
BRAILA,ROMANIA
BRAKE,GERMANY
BRASS TERMINAL,NIGERIA
BRAYTON POINT MASS,USA
BREMANGER,NORWAY
BREMEN,GERMANY
BREMERHAVEN,GERMANY
BRENTON REEF,USA
BREST,FRANCE
BREVIK,NORWAY
BRIDGEPORT,USA
BRIDGETOWN,BARBADOS
BRINDISI,ITALY
BRISBANE,AUSTRALIA
BRISTOL,UK
BRISTOL,USA
BRIXHAM,UK
BROFJORDEN,SWEDEN
BROOKLYN,USA
BROOME,AUSTRALIA
BROWNSVILLE,USA
BRUNEI,BRUNEI
BRUNSBUTTEL,GERMANY
BRUNSWICK,USA
BUCHANAN,LIBERIA
BUCHANAN NY,USA
BUDGE BUDGE,INDIA
BUENAVENTURA,COLOMBIA
BUENOS AIRES,ARGENTINA
BUKHA,OMAN
BUKPYUNG,KOREA
BULKWAYUU,VENEZUELA
BUNBURY,AUSTRALIA
BUNDABERG,AUSTRALIA
BUNYU INDONESIA,INDONESIA
BURLINGTON NJ,USA
BURNIE,AUSTRALIA
BURNSIDE,USA
BURNTISLAND,UK
BUSAN,KOREA
BUSHEHR,IRAN
BUTTERWORTH,MALAYSIA
CABEDELO,BRAZIL
CABINDA,ANGOLA
CABO SAN LUCAS MEXICO,MEXICO
CADIZ,SPAIN
CAEN,FRANCE
CAGAYAN DE ORO,PHILIPPINES
CAGDIANAO,PHILIPPINES
CAGLIARI,ITALY
CAI LAN,VIETNAM
CAIMEP,VIETNAM
CAIRNS,AUSTRALIA
CALABAR,NIGERIA
CALAIS,FRANCE
CALAKA,PHILIPPINES
CALBAYOG,PHILIPPINES
CALBUCO,CHILE
CALCUTTA,INDIA
CALDERA,CHILE
CALETA COLOSO,CHILE
CALETA CORDOVA,ARGENTINA
CALETA MICHILLA,CHILE
CALETA PATILLOS,CHILE
CALICA,MEXICO
CALLAO,PERU
CAM PHA,VIETNAM
CAMBRIDGE BAY,CANADA
CAMDEN,USA
CAMPANA,ARGENTINA
CAMPBELL RIVER,CANADA
CAMPBELTOWN,UK
CANAKKALE,TURKEY
CANAPORT,CANADA
CANICAL,PORTUGAL
CANNES,FRANCE
CANSO,CANADA
CANTON,CHINA
CAOFEIDIAN,CHINA
CAOJING,CHINA
CAP HAITIEN,HAITI
CAPE CUVIER,AUSTRALIA
CAPE TOWN,SOUTH AFRICA
CAPRI,ITALY
CAPUABA,BRAZIL
CARBONERAS,SPAIN
CARDIFF,UK
CARONTE,FRANCE
CARRARA,ITALY
CARRASCAL,PHILIPPINES
CARTAGENA,SPAIN
CARTAGENA,COLOMBIA
CARTERET,USA
CARVILLE,USA
CASABLANCA,MOROCCO
CASCAIS,PORTUGAL
CASTELLON,SPAIN
CASTRIES,SAINT LUCIA
CATANIA,ITALY
CAUCEDO,DOMINICAN REPUBLIC
CAYENNE,FRENCH GUIANA
CAYO ARCAS TERMINAL,MEXICO
CAYO LEVANTODA,DOMINICAN REPUBLIC
CEBU CITY,PHILIPPINES
CEDROS ISLAND,MEXICO
CEIBA TERMINAL,EQUATORIAL GUINEA
CELUKAN BAWANG,INDONESIA
CEUTA,SPAIN
CEYHAN TERMINAL,TURKEY
CHACABUCO,CHILE
CHACAO,CHILE
CHAGUARAMAS,TRINIDAD AND TOBAGO
CHALKIS,GREECE
CHALMETTE,USA
CHAN MAY,VIETNAM
CHANARAL,CHILE
CHANCAY,PERU
CHANG HANG,KOREA
CHANG JIANG KOU,CHINA
CHANG XING DAO,CHINA
CHANGSHU,CHINA
CHANGZHOU,CHINA
CHAOZHOU,CHINA
CHARCO AZUL,PANAMA
CHARLESTON,USA
CHARLOTTE AMALIE,VIRGIN ISLANDS
CHARLOTTETOWN PEI,CANADA
CHEJU,KOREA
CHEKKA,LEBANON
CHEMAINUS,CANADA
CHENGXI,CHINA
CHENNAI,INDIA
CHERBOURG,FRANCE
CHERRY POINT,USA
CHESTER,USA
CHIBA,JAPAN
CHICAMA,PERU
CHIMBOTE,PERU
CHIOGGIA,ITALY
CHIOS,GREECE
CHIRIQUI GRANDE,PANAMA
CHISEPO,KOREA
CHITA,JAPAN
CHITTAGONG,BANGLADESH
CHIWAN,CHINA
CHONGJIN,NORTH KOREA
CHRISTMAS ISLAND,CHRISTMAS ISLAND
CHRISTMAS ISLAND,KIRIBATI
CHURCHILL,CANADA
CHUUK,MICRONESIA
CIENFUEGOS,CUBA
CIGADING,INDONESIA
CILACAP,INDONESIA
CILLERO,SPAIN
CINTA OIL TERMINAL,INDONESIA
CIUDAD DEL CARMEN,MEXICO
CIUDAD MADERO,MEXICO
CIVITAVECCHIA,ITALY
CIWANDAN,INDONESIA
CLAVER,PHILIPPINES
CLAXTON BAY,TRINIDAD AND TOBAGO
CLAYMONT DEL.,USA
CLIFFE,UK
CLIFTON POINT,BAHAMAS
COATZACOALCOS,MEXICO
COCHIN,INDIA
COCKATOO ISLAND,AUSTRALIA
COCOBEACH,GABON
COCOS ISLANDS (INDIAN OCEAN),COCOS (KEELING) ISL.
COLOMBO,SRI LANKA
COLON,PANAMA
COLONIA,MICRONESIA
COLUMBIA RIVER,USA
COME BY CHANCE,CANADA
COMODORO RIVADAVIA,ARGENTINA
CONAKRY,GUINEA
CONCEPTION BAY,CANADA
CONCHAN,PERU
CONSTANTZA,ROMANIA
CONTRECOEUR,CANADA
CONVENT,USA
COOS BAY,USA
COPENHAGEN,DENMARK
COQUIMBO,CHILE
CORCUBION,SPAIN
CORFU,GREECE
CORINO,SPAIN
CORINTH,GREECE
CORINTO,NICARAGUA
CORK,IRELAND
CORNER BROOK,CANADA
CORONEL,CHILE
CORPUS CHRISTI,USA
CORRAL,CHILE
CORYTON,UK
COTONOU,BENIN
COWICHAN BAY,CANADA
COZUMEL,MEXICO
CRISTOBAL,PANAMA
CROCKETT,USA
CROFTON,CANADA
CROTONE,ITALY
CSN TERMINAL,BRAZIL
CUA LO,VIETNAM
CUL DE SAC,SAINT LUCIA
CUMANA,VENEZUELA
CUMAREBO,VENEZUELA
CURRIMAO,PHILIPPINES
CUXHAVEN,GERMANY
DA CHAN BAY,CHINA
DABHOL,INDIA
DABO SINGKEP,INDONESIA
DADONG,CHINA
DAEBUL,KOREA
DAESAN,KOREA
DAFENG,CHINA
DAGENHAM,UK
DAHANU,INDIA
DAHEJ,INDIA
DAKAR,SENEGAL
DALHOUSIE,CANADA
DALIA TERMINAL,ANGOLA
DALIAN,CHINA
DALRYMPLE BAY,AUSTRALIA
DAMIAIYU,CHINA
DAMIETTA,EGYPT
DAMMAM,SAUDI ARABIA
DAMPIER,AUSTRALIA
DANANG,VIETNAM
DANDONG,CHINA
DANGJIN,KOREA
DAR-ES-SALAAM,TANZANIA
DARICA,TURKEY
DARROW,USA
DARTMOUTH N.S,CANADA
DARU,PAPUA NEW GUINEA
DARWIN,AUSTRALIA
DATANG,CHINA
DAVANT,USA
DAVAO,PHILIPPINES
DAVISVILLE,USA
DAWAI,INDONESIA
DAYAOWAN,CHINA
DAYUSHAN ANCHORAGE,CHINA
DE-KASTRI,RUSSIA
DEER PARK,USA
DEGRAD DES CANNES,FRENCH GUIANA
DELAWARE CITY,USA
DELFZIJL,NETHERLANDS
DELLYS,ALGERIA
DELTA ZONE,ARGENTINA
DERINCE,TURKEY
DERNA,LIBYA
DESTREHAN,USA
DETROIT,USA
DEVONPORT,AUSTRALIA
DHAMRA,INDIA
DHARAMTAR,INDIA
DHUBA,SAUDI ARABIA
DIEGO GARCIA,BRITISH IND.OCEAN TER.
DIEGO SUAREZ,MADAGASCAR
DIGHI,INDIA
DIKILI,TURKEY
DILISKILESI,TURKEY
DILLI,TIMOR-ESTE
DINAGAT ISLAND,PHILIPPINES
DINAPIGUE,PHILIPPINES
DJEN DJEN,ALGERIA
DJENO TERMINAL,CONGO
DJIBOUTI,DJIBOUTI
DJURON,SWEDEN
DNEPROBUGSKIY,UKRAINE
DOHA,QATAR
DONALDSONVILLE,USA
DONGES,FRANCE
DONGGUAN,CHINA
DONGHAE,KOREA
DONGNAI,VIETNAM
DONGSHAN,CHINA
DONIAMBO,NEW CALEDONIA
DORDRECHT,NETHERLANDS
DORTYOL,TURKEY
DOS BOCAS,MEXICO
DOUALA,CAMEROON
DOUARNENEZ,FRANCE
DOUBTFUL SOUND,NEW ZEALAND
DOUGLAS,UK
DOVER,UK
DRAG,NORWAY
DRAMMEN,NORWAY
DROGHEDA,IRELAND
DUBAI,UAE
DUBLIN,IRELAND
DUBROVNIK,CROATIA
DUKE POINT,CANADA
DULUTH,USA
DUMAGUETE,PHILIPPINES
DUMAI,INDONESIA
DUNDEE,UK
DUNEDIN,NEW ZEALAND
DUNG QUAT,VIETNAM
DUNKIRK,FRANCE
DUQM,OMAN
DURBAN,SOUTH AFRICA
DURRES,ALBANIA
DUSAVIK,NORWAY
DUSKEY SOUND,NEW ZEALAND
DUTCH HARBOR,USA
DWARKA,INDIA
EA TERMINAL,NIGERIA
EAST LONDON,SOUTH AFRICA
EASTER ISLAND,CHILE
EASTHAM,UK
EASTPORT,USA
EBOK TERMINAL,NIGERIA
EBOME TERMINAL,CAMEROON
EDEN,AUSTRALIA
EEMSHAVEN,NETHERLANDS
EFESAN,TURKEY
EGERSUND,NORWAY
EHOALA,MADAGASCAR
EILAT,ISRAEL
EL ARISH,EGYPT
EL DEKHEILA,EGYPT
EL FERROL,SPAIN
EL GUAMACHE,VENEZUELA
EL PALITO,VENEZUELA
EL SEGUNDO,USA
EL TABLAZO,VENEZUELA
ELBE 1 L/V,GERMANY
ELBE RIVER,GERMANY
ELEUSIS,GREECE
ELIZABETH,USA
ELLESMERE PORT,UK
EMDEN,GERMANY
ENNORE,INDIA
ENSENADA,MEXICO
ENSTED,DENMARK
EREGLI,TURKEY
EREGLISI,TURKEY
ERHA TERMINAL,NIGERIA
ES SIDER,LIBYA
ESBJERG,DENMARK
ESCOUMINS,CANADA
ESCRAVOS RIVER,NIGERIA
ESMERALDAS,ECUADOR
ESPADARTE,BRAZIL
ESPANOLA,PHILIPPINES
ESPERANCE,AUSTRALIA
ESPOIR TERMINAL,COTE D'IVOIRE
ETAJIMA,JAPAN
ETAME,GABON
EUREKA,USA
EUROPORT,NETHERLANDS
EVERETT,USA
EVERETT MASS,USA
EVYAP,TURKEY
EXMOUTH,AUSTRALIA
FAIRLESS HILLS,USA
FALL RIVER,USA
FALMOUTH,UK
FAMAGUSTA,CYPRUS
FANGCHENG,CHINA
FANNING ISLAND,KIRIBATI
FARSUND,NORWAY
FATEH TERMINAL,UAE
FAWLEY,UK
FAZENDINHA,BRAZIL
FEDJE,NORWAY
FELIXSTOWE,UK
FENIT,IRELAND
FERNANDINA,USA
FERNDALE,USA
FINNART,UK
FINNSNES,NORWAY
FISKAA,NORWAY
FISKEFJORD,GREENLAND
FIUMICINO,ITALY
FJARDAAL,ICELAND
FLAAM,NORWAY
FLEKKEFJORD,NORWAY
FLORIANOPOLIS,BRAZIL
FLORO,NORWAY
FLUSHING,NETHERLANDS
FOLLE ANSE,GUADELOUPE
FORCADOS TERMINAL,NIGERIA
FORNO,BRAZIL
FORT LAUDERDALE,USA
FORT-DE-FRANCE,MARTINIQUE
FORTALEZA,BRAZIL
FOS,FRANCE
FOWEY,UK
FOYNES,IRELAND
FRAY BENTOS,URUGUAY
FREDERICIA,DENMARK
FREDERIKSHAVN,DENMARK
FREDRIKSTAD,NORWAY
FREEPORT,USA
FREEPORT,BAHAMAS
FREETOWN,SIERRA LEONE
FREMANTLE,AUSTRALIA
FSO TUJLA,NIGERIA
FUGLEFJORD,FAROE ISLANDS
FUJAIRAH,UAE
FUKUYAMA BUNGO,JAPAN
FUKUYAMA KANMON,JAPAN
FUKUYAMA KII SUIDO,JAPAN
FUNABASHI,JAPAN
FUNAFUTI,TUVALU
FUNCHAL,PORTUGAL
FUQING,CHINA
FUSA,NORWAY
FUSHIKI,JAPAN
FUSINA,ITALY
FUTONG,INDONESIA
FUZHOU,CHINA
GABES,TUNISIA
GADANI,PAKISTAN
GAETA,ITALY
GALENA PARK,USA
GALLE,SRI LANKA
GALLIPOLI,ITALY
GALVESTON,USA
GALVESTON LIGHTERING,USA
GALWAY,IRELAND
GAMAGORI,JAPAN
GAMBA TERMINAL,GABON
GANDA GANDA,INDONESIA
GANDIA,SPAIN
GANGAVARAM,INDIA
GAOLAN,CHINA
GARCIA HERNANDEZ,PHILIPPINES
GARONGKONG,INDONESIA
GARRUCHA,SPAIN
GARSTON,UK
GARYVILLE,USA
GASPE,CANADA
GASPESIE,CANADA
GAVLE,SWEDEN
GDANSK,POLAND
GDYNIA,POLAND
GEBE ISLAND,INDONESIA
GEBZE,TURKEY
GEE ISLAND,INDONESIA
GEELONG,AUSTRALIA
GEISMAR,USA
GELA,ITALY
GELIBOLU,TURKEY
GEMLIK,TURKEY
GENERAL SANTOS,PHILIPPINES
GENOA,ITALY
GEOJE TERMINAL,KOREA
GEORGETOWN CAYMEN,CAYMAN ISLANDS
GEORGETOWN GUYANA,GUYANA
GEORGETOWNSC,USA
GERALDTON,AUSTRALIA
GHAZAOUET,ALGERIA
GHENT,BELGIUM
GIBRALTAR,GIBRALTAR
GIJON,SPAIN
GINGOOG,PHILIPPINES
GIOIA TAURO,ITALY
GIRASSOL TERMINAL,ANGOLA
GISBORNE,NEW ZEALAND
GIZAN,SAUDI ARABIA
GJOA HAVEN,CANADA
GLADSTONE,AUSTRALIA
GLASGOW,UK
GLENGARIFF,ICELAND
GLENSANDA,UK
GLOMFJORD,NORWAY
GLOUCESTER,USA
GOA,INDIA
GODAU,VIETNAM
GODTHAAB,GREENLAND
GOLD RIVER,CANADA
GOLFITO,COSTA RICA
GONFREVILLE-L'ORCHER,FRANCE
GOOLE,UK
GOPALPUR,INDIA
GORE BAY/SYDNEY,AUSTRALIA
GORO,NEW CALEDONIA
GORONTALO,INDONESIA
GOSPORT,UK
GOTHENBURG,SWEDEN
GOVE,AUSTRALIA
GRAMERCY,USA
GRANDE ANSE,CANADA
GRANGEMOUTH,UK
GRATI,INDONESIA
GRAYS HARBOR,USA
GREAT STIRRUP CAY,BAHAMAS
GREAT YARMOUTH,UK
GREATER PLUTONIO TERMINAL,ANGOLA
GREENOCK,UK
GREENORE,IRELAND
GRENAA,DENMARK
GRESIK,INDONESIA
GRIS FJORD,CANADA
GROOTE EYLANDT,AUSTRALIA
GROS CACOUNA,CANADA
GRUNDARTANGI,ICELAND
GUAIBA ISLAND,BRAZIL
GUANGDONG REGION,CHINA
GUANGZHOU,CHINA
GUANTA,VENEZUELA
GUANTANAMO NAS APT,CUBA
GUARAGUAD,VENEZUELA
GUARANAO BAY,VENEZUELA
GUAYABAL,CUBA
GUAYACAN,CHILE
GUAYAMA,PUERTO RICO
GUAYANILLA,PUERTO RICO
GUAYAQUIL,ECUADOR
GUAYMAS,MEXICO
GUISHAN,CHINA
GULEI,CHINA
GULFPORT,USA
GULLUK,TURKEY
GUSTAVIA,GUADELOUPE
GWADAR,PAKISTAN
HACHINOHE,JAPAN
HADERA,ISRAEL
HADONG,KOREA
HAFNAFJORDUR,ICELAND
HAI ZHOU,CHINA
HAIFA,ISRAEL
HAIKOU,CHINA
HAILI,CHINA
HAIMEN,CHINA
HAIPHONG,VIETNAM
HAKATA,JAPAN
HAKODATE,JAPAN
HALDEN,NORWAY
HALDIA,INDIA
HALIFAX,CANADA
HALMSTAD,SWEDEN
HAMBANTOTA,SRI LANKA
HAMBURG,GERMANY
HAMILTON,BERMUDA
HAMILTON ONT.,CANADA
HAMINA,FINLAND
HAMMERFEST,NORWAY
HAMPTON ROADS,USA
HAMRAWEIN,EGYPT
HAMRIYAH,UAE
HANSAPORT,GERMANY
HANSTHOLM,DENMARK
HARAMACHI,JAPAN
HARBOUR GRACE,CANADA
HAREID,NORWAY
HARLINGEN,NETHERLANDS
HARMAC,CANADA
HARTLEPOOL,UK
HARWICH,UK
HASTINGS,AUSTRALIA
HAUGESUND,NORWAY
HAUL SAGU,INDONESIA
HAVANA,CUBA
HAVRE ST. PIERRE,CANADA
HAWK INLET,USA
HAYDARPASA,TURKEY
HAYPOINT,AUSTRALIA
HAZIRA,INDIA
HEKINAN,JAPAN
HELGUVIK,ICELAND
HELLESYLT,NORWAY
HELSINGBORG,SWEDEN
HELSINKI,FINLAND
HENDERSON,AUSTRALIA
HERDLA,NORWAY
HEREKE,TURKEY
HEROYA,NORWAY
HESTVIKA,NORWAY
HIBI,JAPAN
HIBIKINADA,JAPAN
HIDAKATSU,JAPAN
HIGASHI HARIMA,JAPAN
HIKARI,JAPAN
HIKOSHIMA EAST,JAPAN
HIKOSHIMA WEST,JAPAN
HILO,USA
HIMEJI,JAPAN
HINATUAN,PHILIPPINES
HIRAO,JAPAN
HIRO,JAPAN
HIROHATA,JAPAN
HIROSHIMA,JAPAN
HITACHI,JAPAN
HITACHINAKA,JAPAN
HITHADHOO,MALDIVES
HO CHI MINH CITY,VIETNAM
HOBART,AUSTRALIA
HODEIDAH,YEMEN
HOELLEN,NORWAY
HOLLA,NORWAY
HOLTENAU,GERMANY
HOLYHEAD,UK
HOMER,USA
HONDAGUA,PHILIPPINES
HONFLEUR,FRANCE
HONG HAI,VIETNAM
HONG KONG,CHINA
HONGAY,VIETNAM
HONIARA,SOLOMON ISLANDS
HONNINGSVAAG,NORWAY
HONOLULU,USA
HOOK OF HOLLAND,NETHERLANDS
HOPA,TURKEY
HOPEWELL VA,USA
HOPING,TAIWAN
HORSBURGH,SINGAPORE
HORTA,PORTUGAL
HORTEN,NORWAY
HOSOSHIMA,JAPAN
HOUND POINT,UK
HOUSHI,CHINA
HOUSTON,USA
HOWDENDYKE,UK
HOYANGER,NORWAY
HSINKANG,CHINA
HSINTA COAL TERMINAL,TAIWAN
HUACHIPATO,CHILE
HUACHO,PERU
HUAHINE,FRENCH POLYNESIA
HUALIEN,TAIWAN
HUANGDAO,CHINA
HUANGHUA,CHINA
HUANGPU,CHINA
HUASCO,CHILE
HUATULCO,MEXICO
HUELVA,SPAIN
HUI LAI,CHINA
HUIZHOU,CHINA
HULAYLAH TERMINAL,UAE
HULL,UK
HULUDAO,CHINA
HUMEN,CHINA
HUNGNAM,NORTH KOREA
HUNTERSTON,UK
HUSAVIK,ICELAND
HUSNES,NORWAY
HVAR,CROATIA
HYDABURG,USA
IBT PORT,INDONESIA
ICDAS,TURKEY
ICHIHARA,JAPAN
ICORACI,BRAZIL
IGOUMENITSA,GREECE
IJMUIDEN,NETHERLANDS
ILHEUS,BRAZIL
ILICHEVSK,UKRAINE
ILIGAN,PHILIPPINES
ILO,PERU
ILOILO,PHILIPPINES
IMA TERMINAL,NIGERIA
IMABARI,JAPAN
IMARI,JAPAN
IMBITUBA,BRAZIL
IMMINGHAM,UK
IMPERIA,ITALY
INCHON,KOREA
INCHON JANGANSO,KOREA
INEBOLU,TURKEY
INGLESIDE,USA
INKOO,FINLAND
INNOSHIMA,JAPAN
INVERGORDON,UK
INVERKEITHING,UK
IPSWICH,UK
IQALUIT,CANADA
IQUIQUE,CHILE
IRAGO SUIDO,JAPAN
IRAKLION,GREECE
IRVINE BAY,UK
ISABEL,PHILIPPINES
ISDEMIR,TURKEY
ISHIGAKI,JAPAN
ISHIKAWA,JAPAN
ISHINOMAKI,JAPAN
ISKENDERUN,TURKEY
ISOGO,JAPAN
ISTANBUL,TURKEY
ITACOATIARA,BRAZIL
ITAGUAI,BRAZIL
ITAJAI,BRAZIL
ITAQUI,BRAZIL
IWAKUNI,JAPAN
IXTAPA,MEXICO
IYOMISHIMA,JAPAN
IZMIR,TURKEY
IZMIT,TURKEY
IZUMISANO,JAPAN
JACKSONVILLE,USA
JAFARABAD,INDIA
JAIGARH,INDIA
JAKARTA,INDONESIA
JAKHAU,INDIA
JAKOBSTAD,FINLAND
JAMBI,INDONESIA
JANG SEUNG PO,KOREA
JANGANSEO,KOREA
JEBEL ALI,UAE
JEBEL DHANNA,UAE
JEDDAH,SAUDI ARABIA
JIANGSU LNG TERMINAL,CHINA
JIANGYANG,CHINA
JIANGYIN,CHINA
JIEH,LEBANON
JIJEL,ALGERIA
JIMENEZ,PHILIPPINES
JIN ZHOU,CHINA
JINGHAI,CHINA
JINGJIANG,CHINA
JINGTANG,CHINA
JINGYANG,CHINA
JINHAE,KOREA
JINJIANG,CHINA
JINTANG,CHINA
JISEPO,KOREA
JOHORE BAHRU,MALAYSIA
JORF LASFAR,MOROCCO
JORONG,INDONESIA
JOSE TERMINAL,VENEZUELA
JUAYMAH TERMINAL,SAUDI ARABIA
JULIANEHAAB,GREENLAND
JUNEAU,USA
JURELES TERMINAL,CHILE
JURONG,SINGAPORE
KAARSTOE,NORWAY
KABAENA ISLAND,INDONESIA
KABIL,INDONESIA
KAGOSHIMA,JAPAN
KAHULUI,USA
KAILUA-KONA,USA
KAINAN,JAPAN
KAKINADA,INDIA
KAKOGAWA,JAPAN
KALAMA,USA
KALAMAKI,GREECE
KALAMATA,GREECE
KALBA,UAE
KALBUT SITUBONDO TERMINAL,INDONESIA
KALILIMENES,GREECE
KALININGRAD,RUSSIA
KALNESET,NORWAY
KALUNDBORG,DENMARK
KAMAISHI,JAPAN
KAMIISO,JAPAN
KAMSAR,GUINEA
KANAZAWA,JAPAN
KANDA P/S BUNGO,JAPAN
KANDA P/S KANMON,JAPAN
KANDALAKSHA,RUSSIA
KANDLA,INDIA
KANG HONG,CHINA
KANTANG,THAILAND
KANTVIK,FINLAND
KAOHSIUNG,TAIWAN
KAPAR,MALAYSIA
KARABIGA,TURKEY
KARACHI,PAKISTAN
KARAIKAL,INDIA
KARATSU,JAPAN
KARIMUN,INDONESIA
KARLSHAMN,SWEDEN
KARSTO,NORWAY
KARUMBA,AUSTRALIA
KARWAR,INDIA
KASHIMA,JAPAN
KASKINEN,FINLAND
KASTILI,GREECE
KATAKOLON,GREECE
KAU BAY SUBAIM,INDONESIA
KAVIENG,PAPUA NEW GUINEA
KAVKAZ,RUSSIA
KAWAIHAE,USA
KAWANOE (BUNGO),JAPAN
KAWASAKI,JAPAN
KAWE ISLAND,INDONESIA
KAWTHAUNG,MYANMAR
KEELUNG,TAIWAN
KEIHIN,JAPAN
KEMAMAN,MALAYSIA
KEMEN,CHINA
KEMI,FINLAND
KENAI,USA
KENDARI,INDONESIA
KENDAWANGAN,INDONESIA
KENITRA,MOROCCO
KERCH,UKRAINE
KERTAPATI,INDONESIA
KERTEH,MALAYSIA
KERTEMINDE,DENMARK
KETCHIKAN,USA
KEY WEST,USA
KHALIFA BIN SALMAN,BAHRAIN
KHALIFA U.A.E.,UAE
KHANOM,THAILAND
KHASAB,OMAN
KHERSON,UKRAINE
KHOLMSK,RUSSIA
KHOR AL ZUBAIR,IRAQ
KHOR FAKKAN,UAE
KHOR MUSA BAR,IRAN
KIETA,PAPUA NEW GUINEA
KIIRE,JAPAN
KIJANG,INDONESIA
KIKEH TERMINAL,MALAYSIA
KIKUMA,JAPAN
KILLYBEGS,IRELAND
KIMBE,PAPUA NEW GUINEA
KIMITSU,JAPAN
KING SEJONG STATION,ANTARCTICA
KINGS WHARF,BERMUDA
KINGSTON,CANADA
KINGSTON,JAMAICA
KINGSTOWN,ST.VINCENT & GRENADINES
KINOE (BUNGO),JAPAN
KINUURA,JAPAN
KINWAN,JAPAN
KIRKENES,NORWAY
KISARAZU,JAPAN
KITIMAT,CANADA
KIVALINA,USA
KIZOMBA A,ANGOLA
KIZOMBA B,ANGOLA
KJOLLEFJORD,NORWAY
KJOPSVIK,NORWAY
KLAIPEDA,LITHUANIA
KLAKSVIG,FAROE ISLANDS
KO SAMUI,THAILAND
KOBE,JAPAN
KOCHI,JAPAN
KODIAK,USA
KOGE,DENMARK
KOHSICHANG,THAILAND
KOJE,KOREA
KOJEONG,KOREA
KOKKOLA,FINLAND
KOKURA,JAPAN
KOKURA (BUNGO),JAPAN
KOLAKA,INDONESIA
KOLDING,DENMARK
KOLE TERMINAL,CAMEROON
KOLKATA,INDIA
KOLLAFJORDUR,FAROE ISLANDS
KOLONIA,MICRONESIA
KOLONODALE,INDONESIA
KOMATSUSHIMA,JAPAN
KOOLAN ISLAND,AUSTRALIA
KOPER,SLOVENIA
KOPERVIK,NORWAY
KOPING,SWEDEN
KOROGA,SOLOMON ISLANDS
KORSAKOV,RUSSIA
KORSOR,DENMARK
KOS,GREECE
KOTA BARU,INDONESIA
KOTA KINABALU,MALAYSIA
KOTKA,FINLAND
KOTOR,MONTENEGRO
KOUAOUA,NEW CALEDONIA
KOUROU,FRENCH GUIANA
KOZMINO,RUSSIA
KPEME,TOGO
KRABI,THAILAND
KRIBI,CAMEROON
KRISHNAPATNAM,INDIA
KRISTIANSAND,NORWAY
KRISTIANSUND,NORWAY
KRONSHTADT,RUSSIA
KUALA ENOK,INDONESIA
KUALA TANJUNG,INDONESIA
KUANTAN,MALAYSIA
KUCHING,MALAYSIA
KUDAMATSU,JAPAN
KUGLUKTUK,CANADA
KUITO TERMINAL,ANGOLA
KUMAI,INDONESIA
KUMKALE,TURKEY
KUMPORT,TURKEY
KUMUL MARINE TERMINAL,PAPUA NEW GUINEA
KUNAK,MALAYSIA
KUNDA,ESTONIA
KUNSAN,KOREA
KUPANG,TIMOR-ESTE
KURE,JAPAN
KUROSAKI,JAPAN
KUSADASI,TURKEY
KUSHIRO,JAPAN
KUTUBDIA,BANGLADESH
KUWAIT,KUWAIT
KVINESDAL,NORWAY
KVITSOY,NORWAY
KWANGYANG,KOREA
KWINANA,AUSTRALIA
KYAUKPYU,MYANMAR
L.O.O.P.,USA
LA BREA,TRINIDAD AND TOBAGO
LA CEIBA,VENEZUELA
LA CIENAGA,COLOMBIA
LA CORUNA,SPAIN
LA GOULETTE,TUNISIA
LA GUAIRA,VENEZUELA
LA LIBERTAD,ECUADOR
LA NOUVELLE FRANCE,FRANCE
LA PALLICE,FRANCE
LA PAMPILLA,PERU
LA PAZ,MEXICO
LA PLACE,USA
LA PLATA,ARGENTINA
LA ROCHELLE,FRANCE
LA ROMANA,DOMINICAN REPUBLIC
LA SKHIRRA,TUNISIA
LA SPEZIA,ITALY
LA UNION,HONDURAS
LAAYOUNE,MOROCCO
LABADEE,HAITI
LABASA,FIJI
LABORINO KECAMATAN BATU PUTIH,INDONESIA
LABUAN,MALAYSIA
LAE,PAPUA NEW GUINEA
LAEM CHABANG,THAILAND
LAFITEAU,HAITI
LAGOS,NIGERIA
LAHAD DATU,MALAYSIA
LAHAINA,USA
LAITEC P/S,CHILE
LAIZHOU,CHINA
LAKE CHARLES,USA
LANDSKRONA,SWEDEN
LANGESUND,NORWAY
LANGKAWI,MALAYSIA
LANGROR,SWEDEN
LANSHAN,CHINA
LANZAROTE ISLAND,SPAIN
LAPPOHJA,FINLAND
LARNACA,CYPRUS
LARONAI,INDONESIA
LARVIK,NORWAY
LARYMNA,GREECE
LAS CALDERAS,DOMINICAN REPUBLIC
LAS PALMAS,SPAIN
LAS VENTANAS,CHILE
LASUSUA,INDONESIA
LATTAKIA,SYRIA
LAUNCESTON,AUSTRALIA
LAUTOKA,FIJI
LAVERA,FRANCE
LAVRIO,GREECE
LAWI LAWI OIL TERMINAL,INDONESIA
LAZARO CARDENAS,MEXICO
LE HAVRE,FRANCE
LE TRAIT,FRANCE
LEGASPI,PHILIPPINES
LEGHORN,ITALY
LEITH,UK
LEIXOES,PORTUGAL
LEKIR BULK TERMINAL,MALAYSIA
LEMBAR,INDONESIA
LERWICK,UK
LES SABLES-D'OLONNE,FRANCE
LHOKSEUMAWE,INDONESIA
LIANGGANG,CHINA
LIANYUNGANG,CHINA
LIBREVILLE,GABON
LIDO DI OSTIA,ITALY
LIEPAJA,LATVIA
LIHIR,PAPUA NEW GUINEA
LILLEBONNE,FRANCE
LIMAS,TURKEY
LIMASSOL,CYPRUS
LIMAY,PHILIPPINES
LIMBE,CAMEROON
LIMERICK,IRELAND
LIMETREE BAY,VIRGIN ISLANDS
LINDEN,USA
LINGGA,MALAYSIA
LIPATA,PHILIPPINES
LIRQUEN,CHILE
LISAHALLY,IRELAND
LISBON,PORTUGAL
LIUHENG DAO,CHINA
LIVERPOOL,UK
LIVORNO,ITALY
LOBITO,ANGOLA
LOCH RYAN,UK
LODINGEN,NORWAY
LOLEBA,INDONESIA
LOLOHO,PAPUA NEW GUINEA
LOME,TOGO
LONDON,UK
LONDONDERRY,UK
LONG BEACH,USA
LONG HARBOUR,CANADA
LONG POND,CANADA
LONGKOU,CHINA
LONGONI,MAYOTTE
LONGVIEW,USA
LONGYAN,CHINA
LONGYEARBYEN,NORWAY
LORIENT,FRANCE
LOS ANGELES,USA
LOS TAQUES,VENEZUELA
LOUJING,CHINA
LOVIISA,FINLAND
LOWER COVE,CANADA
LU HUA SHAN,CHINA
LUANDA,ANGOLA
LUANJIAKOU,CHINA
LUBA,EQUATORIAL GUINEA
LUBECK,GERMANY
LUBMIN,GERMANY
LUBUK GAUNG,INDONESIA
LUBUK TUTUNG,INDONESIA
LUCANIN,PHILIPPINES
LUCINDA,AUSTRALIA
LUDERITZ,NAMIBIA
LUGAIT,PHILIPPINES
LUHUADAO ANC.,CHINA
LULEA,SWEDEN
LUMUT,MALAYSIA
LUO YUAN,CHINA
LUO YUANWAN,CHINA
LUOJING,CHINA
LUSHUN,CHINA
LUWUK,INDONESIA
LVSI,CHINA
LYNDIANE,SENEGAL
LYTTELTON,NEW ZEALAND
MABULI,INDONESIA
MACAPA,BRAZIL
MACEIO,BRAZIL
MACHONG,CHINA
MACKAY,AUSTRALIA
MACKENZIE,USA
MACUN,CHINA
MADANG,PAPUA NEW GUINEA
MADRE DE DEUS,BRAZIL
MAGADAN,RUSSIA
MAGDALLA,INDIA
MAHAJANGA,MADAGASCAR
MAHON,SPAIN
MAILIAO,TAIWAN
MAIZURU,JAPAN
MAJISHAN,CHINA
MAJURO,MARSHALL ISLANDS
MAKASSAR,INDONESIA
MALABO,EQUATORIAL GUINEA
MALAGA,SPAIN
MALAHAYATI,INDONESIA
MALAMALA,INDONESIA
MALAMPAYA OIL PLATFORM,PHILIPPINES
MALE,MALDIVES
MALI LOSINJ,CROATIA
MALMO,SWEDEN
MALONGO TERMINAL,ANGOLA
MALOY,NORWAY
MALTA FREEPORT TERMINAL,MALTA
MAMONAL,COLOMBIA
MANAMA,BAHRAIN
MANAUS,BRAZIL
MANDAL,NORWAY
MANDVI,INDIA
MANFREDONIA,ITALY
MANGALIA,ROMANIA
MANGALORE,INDIA
MANGGAR,INDONESIA
MANGKAJANG,INDONESIA
MANILA,PHILIPPINES
MANJUNG,MALAYSIA
MANTA,ECUADOR
MANURAN,INDONESIA
MANZANILLO D.R.,DOMINICAN REPUBLIC
MANZANILLO MEX.,MEXICO
MANZANILLO PANAMA,PANAMA
MAPTAPHUT,THAILAND
MAPUTO,MOZAMBIQUE
MAR DEL PLATA,ARGENTINA
MARACAIBO,VENEZUELA
MARCUS HOOK,USA
MARGHERA,ITALY
MARIEL,CUBA
MARIN,SPAIN
MARINA DI CARRARA,ITALY
MARIUPOL,UKRAINE
MARIVELES,PHILIPPINES
MARMARA EREGLESI,TURKEY
MARMARIS,TURKEY
MAROMBO PS,INDONESIA
MARSA BASHAYER,SUDAN
MARSA BREGA,LIBYA
MARSAXLOKK,MALTA
MARSDEN POINT,NEW ZEALAND
MARSEILLES,FRANCE
MARSTEINEN,NORWAY
MARTAS,TURKEY
MARTINEZ,USA
MARUGAME,JAPAN
MARYSTOWN,CANADA
MASAN,KOREA
MASAO,PHILIPPINES
MASINLOC,PHILIPPINES
MASSAWA,ERITREA
MATADI,CONGO
MATAGORDA,USA
MATANE,CANADA
MATANZAS,VENEZUELA
MATANZAS CUBA,CUBA
MATARANI,PERU
MATI,PHILIPPINES
MATOLA,MOZAMBIQUE
MATSUSHIMA,JAPAN
MATSUURA,JAPAN
MATSUYAMA - SOUTH,JAPAN
MAUBAN,PHILIPPINES
MAWAN,CHINA
MAWEI,CHINA
MAYAGUEZ,PUERTO RICO
MAYUMBA,GABON
MAZATLAN,MEXICO
MAZHI,CHINA
MCMURDO STATION,USA
MEHMETCHIK,TURKEY
MEIZHOU,CHINA
MEJILLONES,CHILE
MELAKA,MALAYSIA
MELBOURNE,AUSTRALIA
MELILLA,SPAIN
MELLITAH,LIBYA
MELVILLE ISLAND,AUSTRALIA
MENZEL BOURGHIBA,TUNISIA
MERAK,INDONESIA
MERAUKE,INDONESIA
MERAUX,USA
MERS EL KEBIR,ALGERIA
MERSIN,TURKEY
MESAIEED,QATAR
MESSINA,ITALY
METHIL,UK
MIAMI,USA
MIDDLESBROUGH,UK
MIDIA,ROMANIA
MIDWAY ISLAND,USA
MIHARA,JAPAN
MIIKE,JAPAN
MILAZZO,ITALY
MILFORD HAVEN,UK
MILFORD SOUND,NEW ZEALAND
MILOS,GREECE
MINA AL AHMADI,KUWAIT
MINA AL FAHAL,OMAN
MINA QABOOS,OMAN
MINA RAYSUT,OMAN
MINA SALMAN,BAHRAIN
MINA SAQR,UAE
MINA SAUD,KUWAIT
MINA ZAYED,UAE
MINDELO,CAPE VERDE
MIRI,MALAYSIA
MISHIMA KAWANOE,JAPAN
MISSISSAUGA,CANADA
MISSISSIPPI RIVER,USA
MISUMI,JAPAN
MISURATA,LIBYA
MITSUKOJIMA,JAPAN
MIYAKO,JAPAN
MIYAZU,JAPAN
MIZUSHIMA,JAPAN
MIZUSHIMA (BUNGO),JAPAN
MO I RANA,NORWAY
MOA,CUBA
MOANDA TERMINAL,CONGO
MOBILE,USA
MOERDIJK,NETHERLANDS
MOGADISHU,SOMALIA
MOHAMED BIN QASIM,PAKISTAN
MOHAMMEDIA,MOROCCO
MOIN,COSTA RICA
MOJI,JAPAN
MOJI (BUNGO),JAPAN
MOKPO,KOREA
MOLDE,NORWAY
MOLLENDO,PERU
MOLORE,INDONESIA
MOMA,MOZAMBIQUE
MOMBASA,KENYA
MONEY POINT,IRELAND
MONFALCONE,ITALY
MONGLA,BANGLADESH
MONGSTAD,NORWAY
MONROVIA,LIBERIA
MONTAUK,USA
MONTE CARLO,MONACO
MONTEGO BAY,JAMAICA
MONTENEGRO,MONTENEGRO
MONTEVIDEO,URUGUAY
MONTOIR,FRANCE
MONTREAL,CANADA
MONTROSE,UK
MOOREA ISLAND,FRENCH POLYNESIA
MOREHEAD CITY,USA
MORGAN CITY,USA
MORMUGAO(GOA),INDIA
MORNOPO,INDONESIA
MORO,INDONESIA
MORONI,COMOROS
MOROWALI,INDONESIA
MORRISVILLE,USA
MORRO REDONDO,MEXICO
MOSJOEN,NORWAY
MOSKALVO,RUSSIA
MOSS,NORWAY
MOSSEL BAY,SOUTH AFRICA
MOSTAGANEM,ALGERIA
MOSTYN,UK
MOTRIL,SPAIN
MOTUI,INDONESIA
MOTUKEA ISLAND,PAPUA NEW GUINEA
MOUDI TERMINAL,CAMEROON
MOUNTS BAY,UK
MOURILYAN,AUSTRALIA
MT. MAUNGANUI,NEW ZEALAND
MTWARA,TANZANIA
MUANDA TERMINAL,CONGO
MUARA,BRUNEI
MUARA BANGKONG,INDONESIA
MUARA BANYU ASIN,INDONESIA
MUARA BERAU,INDONESIA
MUARA JAWA,INDONESIA
MUARA JUNGKAT,INDONESIA
MUARA KINTAP,INDONESIA
MUARA PANTAI,INDONESIA
MUARA SABAK,INDONESIA
MUARA SATUI,INDONESIA
MUCURIPE,BRAZIL
MUKALLA,YEMEN
MUKRAN,GERMANY
MULDWARKA,INDIA
MULGRAVE,CANADA
MUMBAI,INDIA
MUNDRA,INDIA
MUNGUBA,BRAZIL
MURMANSK,RUSSIA
MURORAN,JAPAN
MUSCAT,OMAN
MUSSAFAH,UAE
MUTSAMUDU,COMOROS
MUTSU OGAWARA,JAPAN
MUTSURE,JAPAN
MUUGA,ESTONIA
MYEIK,MYANMAR
MYKONOS,GREECE
MYLAKI,GREECE
MYRTLE GROVE,USA
MYTILINI,GREECE
NAANTALI,FINLAND
NACALA,MOZAMBIQUE
NADAHAMA,JAPAN
NADOR,MOROCCO
NAFPLION,GREECE
NAGA,PHILIPPINES
NAGASAKI,JAPAN
NAGASU,JAPAN
NAGOYA,JAPAN
NAHA,JAPAN
NAKAGUSUKU,JAPAN
NAKANOSEKI,JAPAN
NAKATSU,JAPAN
NAKETY,NEW CALEDONIA
NAKHODKA,RUSSIA
NALUNAQ,GREENLAND
NAMIBE,ANGOLA
NAMPO,NORTH KOREA
NAMSOS,NORWAY
NANAIMO,CANADA
NANAO,JAPAN
NANJING,CHINA
NANORTALIK,GREENLAND
NANSHA,CHINA
NANTES,FRANCE
NANTICOKE,CANADA
NANTONG,CHINA
NAOETSU,JAPAN
NAOSHIMA,JAPAN
NAPA NAPA,PAPUA NEW GUINEA
NAPIER,NEW ZEALAND
NAPLES,ITALY
NARRA,PHILIPPINES
NARVIK,NORWAY
NASSAU,BAHAMAS
NATAL,BRAZIL
NAVEGANTES,BRAZIL
NAVLAKHI,INDIA
NAWILIWILI,USA
NEA KARVALI,GREECE
NEAPOLIS,GREECE
NECOCHEA,ARGENTINA
NEDERLAND,USA
NEGISHI,JAPAN
NELSON,NEW ZEALAND
NEMRUT BAY,TURKEY
NEPTUNE TERMINAL,CANADA
NEW AMSTERDAM,GUYANA
NEW BEDFORD,USA
NEW HAVEN CT.,USA
NEW LONDON,USA
NEW MANGALORE,INDIA
NEW ORLEANS,USA
NEW PLYMOUTH,NEW ZEALAND
NEW WESTMINSTER,CANADA
NEW YORK,USA
NEWARK,USA
NEWCASTLE,AUSTRALIA
NEWCASTLE UK,UK
NEWPORT NEWS,USA
NEWPORT RI,USA
NEWPORT WALES,UK
NGHI SON,VIETNAM
NGQURA,SOUTH AFRICA
NHA TRANG,VIETNAM
NHAVA SHEVA,INDIA
NICE,FRANCE
NIEUW NICKERIE,SURINAME
NIGG BAY,UK
NIIGATA,JAPAN
NIIHAMA EAST,JAPAN
NIIHAMA WEST,JAPAN
NIKATERA,UKRAINE
NIKISKI,USA
NIKOLAYEV,UKRAINE
NINGBO,CHINA
NINGDE,CHINA
NISHTUN,YEMEN
NITEROI,BRAZIL
NOME,USA
NONOC,PHILIPPINES
NORDENHAM,GERMANY
NORFOLK,USA
NORFOLK ISLAND,NORFOLK ISLAND
NORO,SOLOMON ISLANDS
NOROCHOLAI,SRI LANKA
NORRKOPING,SWEDEN
NORTH FLEET,UK
NORTH PULAU LAUT,INDONESIA
NOSHIRO,JAPAN
NOSY BE,MADAGASCAR
NOUADHIBOU,MAURITANIA
NOUAKCHOTT,MAURITANIA
NOUMEA,NEW CALEDONIA
NOVOROSSIYSK,RUSSIA
NOVYY PORT,RUSSIA
NUEVA PALMIRA,URUGUAY
NUEVITAS,CUBA
NUKUALOFA,TONGA
NUNUKAN,MALAYSIA
NYBORG,DENMARK
NYNASHAMN,SWEDEN
OAKLAND,USA
OBAN,UK
OCHAKOV,UKRAINE
OCHO RIOS,JAMAICA
ODDA,NORWAY
ODENSE,DENMARK
ODESSA,UKRAINE
ODUDU TERMINAL,NIGERIA
OFUNATO,JAPAN
OGASAWARA,JAPAN
OGDENSBURG,USA
OGISHIMA,JAPAN
OGUENDJO TERMINAL,GABON
OITA,JAPAN
OITA P/S(E),JAPAN
OITA P/S(W),JAPAN
OKAYAMA,JAPAN
OKGYE,KOREA
OKHA,INDIA
OKKE,KOREA
OKONO TERMINAL,NIGERIA
OKPO,KOREA
OKTYABRSKIY,UKRAINE
OKWORI TERMINAL,NIGERIA
OLBIA,ITALY
OLDEN,NORWAY
OLYMPIA,USA
OMAEZAKI,JAPAN
ONAHAMA,JAPAN
ONNE,NIGERIA
ONOMICHI,JAPAN
ONSAN,KOREA
ONSLOW,AUSTRALIA
OOSTENDE,BELGIUM
ORAN,ALGERIA
ORANJESTAD,ARUBA
ORISTANO SARDINIA,ITALY
ORKANGER,NORWAY
ORLAND,NORWAY
ORO BAY,PAPUA NEW GUINEA
ORRO,NAURU
ORTONA,ITALY
OSAKA,JAPAN
OSHAWACAN.,CANADA
OSHIMA,JAPAN
OSKARSHAMN,SWEDEN
OSLO,NORWAY
OTAKE,JAPAN
OTARU,JAPAN
OTRANTO,ITALY
OUACO,NEW CALEDONIA
OWENDO,GABON
OXELOSUND,SWEDEN
PAC LIGHTERING AREA,USA
PACHI,GREECE
PACIFIC LIGHTERING,USA
PADANGTIKAR,INDONESIA
PAGALU ISLAND EQ. GUINEA,EQUATORIAL GUINEA
PAGBILAO,PHILIPPINES
PAGO PAGO,AMERICAN SAMOA
PAIA INLET,PAPUA NEW GUINEA
PAITA,PERU
PAITON,INDONESIA
PAJARITOS,MEXICO
PALAMOS,SPAIN
PALANCA TERMINAL,ANGOLA
PALANGGA,INDONESIA
PALDISKI,ESTONIA
PALEMBANG,INDONESIA
PALENQUE,DOMINICAN REPUBLIC
PALERMO,ITALY
PALM BEACH,USA
PALMA,SPAIN
PALMAREJO,VENEZUELA
PALMEIRA,CAPE VERDE
PALMI DO LIGHTHOUSE,KOREA
PALO ALTO,CUBA
PALOPO,INDONESIA
PALU,INDONESIA
PALUA,VENEZUELA
PAMATACUALITO,VENEZUELA
PANAJI,INDIA
PANAMA CITY,USA
PANDU JETTY,INDONESIA
PANGKALANBUNN,INDONESIA
PANJANG,INDONESIA
PANTELLERIA,ITALY
PANTOLOAN,INDONESIA
PAPEETE,FRENCH POLYNESIA
PAPENBURG,GERMANY
PARADIP,INDIA
PARAMARIBO,SURINAME
PARANA RIVER,ARGENTINA
PARANAGUA,BRAZIL
PARANAM,SURINAME
PASADENATEXAS,USA
PASAJES,SPAIN
PASCAGOULA,USA
PASIR GUDANG,MALAYSIA
PATRAS,GREECE
PAULSBORO,USA
PAZFLOR FPSO,ANGOLA
PECEM,BRAZIL
PECKET,CHILE
PEKANBARU,INDONESIA
PELINTUNG,INDONESIA
PEMBA,MOZAMBIQUE
PEMBROKE,UK
PENANG,MALAYSIA
PENCO,CHILE
PENG LAI,CHINA
PENNINGTON TERMINAL,NIGERIA
PENSACOLA,USA
PEPEL,SIERRA LEONE
PERAMA,GREECE
PERTH,AUSTRALIA
PERTH AMBOY,USA
PERTIGALETE,VENEZUELA
PETERHEAD,UK
PETIT COURONNE,FRANCE
PETROPAVLOVSK,RUSSIA
PETROZUATA,VENEZUELA
PHILADELPHIA,USA
PHILIPSBURG ST. MARTIN,NETHERLANDS ANTILLES
PHU MY,VIETNAM
PHUKET,THAILAND
PIACAGUERA,BRAZIL
PICHILINGUE,MEXICO
PICO,PORTUGAL
PICTONN.Z.,NEW ZEALAND
PICTOU,CANADA
PIOMBINO,ITALY
PIPAVAV,INDIA
PIRAEUS,GREECE
PISCO,PERU
PITEA,SWEDEN
PITTSBURG,USA
PLAQUEMINE,USA
PLOCE,CROATIA
PLOMIN,CROATIA
PLUMPER SOUND,CANADA
PLYMOUTH,UK
POHANG,KOREA
POINT COMFORT,USA
POINT FORTIN,TRINIDAD AND TOBAGO
POINT HENRY,AUSTRALIA
POINT JUDITH,USA
POINT LISAS,TRINIDAD AND TOBAGO
POINT TUPPER,CANADA
POINTE A PIERRE,TRINIDAD AND TOBAGO
POINTE A PITRE,GUADELOUPE
POINTE DES GALETS,REUNION
POINTE NOIRE,CANADA
POINTE NOIRECONGO,CONGO
POLICE,POLAND
POLIPORT,TURKEY
POMALAA,INDONESIA
PONCE,PUERTO RICO
POND INLET,CANADA
PONDONG,INDONESIA
PONTA DA MADEIRA,BRAZIL
PONTA DELGADA,PORTUGAL
PONTA DO UBU,BRAZIL
PONTE VEDRA,SPAIN
PONTIANAK,INDONESIA
POOLE,UK
PORBANDAR,INDIA
PORI,FINLAND
PORO POINT,PHILIPPINES
PORSGRUNN,NORWAY
PORT ALBERNI,CANADA
PORT ALFRED,CANADA
PORT ALICE,CANADA
PORT ALLENLA,USA
PORT ALMA,AUSTRALIA
PORT ANGELES,USA
PORT ARTHUR,USA
PORT AU PRINCE,HAITI
PORT AUX BASQUES,CANADA
PORT BLAIR,INDIA
PORT CANAVERAL,USA
PORT CARTIER,CANADA
PORT CHALMERS,NEW ZEALAND
PORT CLARENCE,UK
PORT DICKSON,MALAYSIA
PORT ELIZABETH,SOUTH AFRICA
PORT ELIZABETHNJ,USA
PORT ESQUIVEL,JAMAICA
PORT EVERGLADES,USA
PORT FOURCHON,USA
PORT GENTIL,GABON
PORT GILES,AUSTRALIA
PORT HARCOURT,NIGERIA
PORT HAWKESBURY,CANADA
PORT HEDLAND,AUSTRALIA
PORT HUENEME,USA
PORT IRENE,PHILIPPINES
PORT JEROME,FRANCE
PORT KAISER,JAMAICA
PORT KELANG,MALAYSIA
PORT KELANG,MALAYSIA
PORT KEMBLA,AUSTRALIA
PORT LATTA,AUSTRALIA
PORT LAVACA,USA
PORT LINCOLN,AUSTRALIA
PORT LOUIS,MAURITIUS
PORT MANATEE,USA
PORT MCNEILL,CANADA
PORT MELLON,CANADA
PORT MOODY,CANADA
PORT MORESBY,PAPUA NEW GUINEA
PORT NECHES,USA
PORT NOLLOTH,SOUTH AFRICA
PORT OF SPAIN,TRINIDAD AND TOBAGO
PORT OUEST,REUNION
PORT PIRIE,AUSTRALIA
PORT QASIM,PAKISTAN
PORT RASHID,UAE
PORT RHOADES,JAMAICA
PORT SAID,EGYPT
PORT SALEEF,YEMEN
PORT STANVAC,AUSTRALIA
PORT SUDAN,SUDAN
PORT TALBOT,UK
PORT TOWNSEND,USA
PORT VICTORIA,SEYCHELLES
PORT VILA,VANUATU
PORT WALCOTT,AUSTRALIA
PORTBURY,UK
PORTIMAO,PORTUGAL
PORTLAND,USA
PORTLAND AUST,AUSTRALIA
PORTLAND ENGLAND,UK
PORTLAND ME,USA
PORTO ALEGRE,BRAZIL
PORTO AMBOIM,ANGOLA
PORTO EMPEDOCLE,ITALY
PORTO GRANDE,CAPE VERDE
PORTO MARGHERA,ITALY
PORTO NOGARO,ITALY
PORTO TORRES,ITALY
PORTO VENERE,ITALY
PORTO VESME,ITALY
PORTO VIRO,ITALY
PORTOCEL,BRAZIL
PORTOFINO,ITALY
PORTPFERRAIO,ITALY
PORTSMOUTH,DOMINICA
PORTSMOUTH,UK
PORTSMOUTH N.H.,USA
PORVOO,FINLAND
POSITANO,ITALY
POSYET,RUSSIA
POTI,RUSSIA
POYA,NEW CALEDONIA
POZZALLO,ITALY
PRACHUAP,THAILAND
PRAI MALAYSIA,MALAYSIA
PRAIA DA VITORIA,PORTUGAL
PRAIA MOLE,BRAZIL
PRAIAC.VERDE IS,CAPE VERDE
PREVEZA,GREECE
PRIGORODNOYE,RUSSIA
PRIMORSK,RUSSIA
PRINCE RUPERT,CANADA
PRIOLO,ITALY
PROGRESO,MEXICO
PRONY,NEW CALEDONIA
PROVIDENCE,USA
PROVIDENCIALES,TURKS & CAICOS ISL.
PSAKHNA,GREECE
PUERTO ANGAMOS,CHILE
PUERTO ARMUELLES,PANAMA
PUERTO BOLIVAR,ECUADOR
PUERTO BOLIVAR COLOMBIA,COLOMBIA
PUERTO BORBURATA,VENEZUELA
PUERTO CABELLO,VENEZUELA
PUERTO CASTILLA,HONDURAS
PUERTO CORTES,HONDURAS
PUERTO COSTA,MEXICO
PUERTO DE LA ESTACA,SPAIN
PUERTO DESEADO,ARGENTINA
PUERTO DRUMMOND,COLOMBIA
PUERTO LA CRUZ,VENEZUELA
PUERTO LIMON,COSTA RICA
PUERTO MADERO,MEXICO
PUERTO MADRYN,ARGENTINA
PUERTO MIRANDA,VENEZUELA
PUERTO MONTT,CHILE
PUERTO NATALES,CHILE
PUERTO ORDAZ,VENEZUELA
PUERTO PLATA,DOMINICAN REPUBLIC
PUERTO PRODECO,COLOMBIA
PUERTO QUETZAL,GUATEMALA
PUERTO SUCRE,VENEZUELA
PUERTO VALLARTA,MEXICO
PUERTO VIEJO,DOMINICAN REPUBLIC
PUGET SOUND,USA
PULA,CROATIA
PULAU BUKOM,SINGAPORE
PULAU LAUT,INDONESIA
PULAU PAKAL,INDONESIA
PULAU PANGKIL,INDONESIA
PULO SAMBU,INDONESIA
PULUPANDAN,PHILIPPINES
PUNTA CALDERA,COSTA RICA
PUNTA CAMACHO,VENEZUELA
PUNTA CARDON,VENEZUELA
PUNTA CHUNGO,CHILE
PUNTA COLORADA,ARGENTINA
PUNTA DEL ESTE,URUGUAY
PUNTA DELGADA,CHILE
PUNTA LOBITOS,PERU
PUNTA LOYOLA,ARGENTINA
PUNTA MORALES,COSTA RICA
PUNTA PADRONES,CHILE
PUNTA PATACHE,CHILE
PUNTA QUILLA,ARGENTINA
PUNTA SALINAS,DOMINICAN REPUBLIC
PUNTA VENADO,MEXICO
PUNTARENAS C.R.,COSTA RICA
PURFLEET,UK
PUSAN,KOREA
PYEONGTAEK,KOREA
PYLOS,GREECE
QALHAT,OMAN
QESHM,IRAN
QIANWAN,CHINA
QIDONG,CHINA
QINGDAO,CHINA
QINHUANGDAO,CHINA
QINZHOU,CHINA
QUA IBOE TERMINAL,NIGERIA
QUANG NINH,VIETNAM
QUANZHOU,CHINA
QUEBEC,CANADA
QUEBRACHO,ARGENTINA
QUELLON,CHILE
QUINCY,USA
QUINHON,VIETNAM
QUINTERO,CHILE
RAAHE,FINLAND
RABAUL,PAPUA NEW GUINEA
RABIGH,SAUDI ARABIA
RADES,TUNISIA
RADICATEL,FRANCE
RAFNES,NORWAY
RAIATEA,FRENCH POLYNESIA
RAMALLO,ARGENTINA
RAMSGATE,UK
RAPU-RAPU,PHILIPPINES
RAROTONGA,COOK ISLANDS
RAS AL KHAFJI,SAUDI ARABIA
RAS AL KHAIMAH,UAE
RAS AL KHAIR,SAUDI ARABIA
RAS AL MISHAAB,SAUDI ARABIA
RAS AL UNUF,LIBYA
RAS GHARIB,EGYPT
RAS ISA TERMINAL,YEMEN
RAS LAFFAN,QATAR
RAS TANURA,SAUDI ARABIA
RATNAGIRI,INDIA
RAUBERGVIKA,NORWAY
RAUMA,FINLAND
RAVENNA,ITALY
RAYONG,THAILAND
RECALADA,ARGENTINA
RECIFE,BRAZIL
RED DOG,USA
REDCAR,UK
REDI,INDIA
REDWOOD CITY,USA
REIHOKU,JAPAN
RENI,UKRAINE
RENSSELAER,USA
RESERVE,USA
RETHYMNON,GREECE
REVDANDA,INDIA
REVITHOUSSA,GREECE
REYDHARFJORDUR,ICELAND
REYKJAVIK,ICELAND
RHODES,GREECE
RIBADEO,SPAIN
RICHARDS BAY,SOUTH AFRICA
RICHMOND CA,USA
RICHMOND VA.,USA
RIDLEY,CANADA
RIGA,LATVIA
RIJEKA,CROATIA
RINGASKIDDY,IRELAND
RIO CORDOBA,COLOMBIA
RIO DE JANEIRO,BRAZIL
RIO GRANDE,BRAZIL
RIO HAINA,DOMINICAN REPUBLIC
RIO TUBA,PHILIPPINES
RISDON,AUSTRALIA
RIVER LOIRE,FRANCE
RIVER PLATE,ARGENTINA
RIVERHEAD,USA
RIZE,TURKEY
RIZHAO,CHINA
ROAD TOWN,VIRGIN ISLANDS
ROATAN,HONDURAS
ROBERTS BANK,CANADA
ROCHEFORT,FRANCE
ROCKY POINT,JAMAICA
RODA,TURKEY
ROGNAN,NORWAY
RONNE,DENMARK
RONNSKAR,SWEDEN
RORVIK,NORWAY
ROSARIO,ARGENTINA
ROSARITO,MEXICO
ROSCOFF,FRANCE
ROSEAU,DOMINICA
ROSETON,USA
ROSTOCK,GERMANY
ROSYTH,UK
ROTA,TURKEY
ROTA,SPAIN
ROTTERDAM,NETHERLANDS
ROUEN,FRANCE
ROXAS MINDANAO,PHILIPPINES
ROXAS MINDORO,PHILIPPINES
ROZI ISLAND,INDIA
RUISBROEK,BELGIUM
RUMOI,JAPAN
RUNAVIK,FAROE ISLANDS
RUNCORN,UK
RUNCORN,UK
RUSHAN KOU,CHINA
RUWAIS,UAE
SABINE PASS,USA
SACRAMENTO,USA
SAFAGA,EGYPT
SAFI,MOROCCO
SAGANOSEKI,JAPAN
SAGAR ISLAND,INDIA
SAGUENAY RIVER,CANADA
SAGUNTO,SPAIN
SAHABAT,MALAYSIA
SAIKI,JAPAN
SAINT AUSTELL BAY,UK
SAIPAN,NORTHERN MARIANA ISL.
SAKAI,JAPAN
SAKAIDE,JAPAN
SAKAIMINATO,JAPAN
SAKATA,JAPAN
SAKHRI,INDIA
SAKURAJIMA,JAPAN
SAKURAJIMA OSAKA BAY,JAPAN
SAL REI,CAPE VERDE
SALALAH,OMAN
SALAVERRY,PERU
SALDANHA BAY,SOUTH AFRICA
SALEM,USA
SALERNO,ITALY
SALINA CRUZ,MEXICO
SALINOPOLIS,BRAZIL
SALTEN,NORWAY
SALVADOR,BRAZIL
SAM CHEON PO,KOREA
SAMANA,DOMINICAN REPUBLIC
SAMARINDA,INDONESIA
SAMARINDA NORTH,INDONESIA
SAMARINDA SOUTH,INDONESIA
SAMOS,GREECE
SAMPIT,INDONESIA
SAMSUN,TURKEY
SAN ANTONIO,CHILE
SAN ANTONIO ESTE,ARGENTINA
SAN CARLOS,SPAIN
SAN CARLOS,FALKLAND ISLANDS
SAN CIPRIAN,SPAIN
SAN DIEGO,USA
SAN FELIX,VENEZUELA
SAN FERNANDO,PHILIPPINES
SAN FRANCISCO,USA
SAN JOSE,GUATEMALA
SAN JUAN,PUERTO RICO
SAN JUAN PERU,PERU
SAN LORENZO,HONDURAS
SAN LORENZO ARG.,ARGENTINA
SAN MARCOS,MEXICO
SAN MARTIN,ARGENTINA
SAN NICOLAS,ARGENTINA
SAN NICOLAS,ARUBA
SAN NICOLAS BAY,ARUBA
SAN NICOLASGREECE,GREECE
SAN NICOLASPERU,PERU
SAN PEDRO,COTE D'IVOIRE
SAN PEDRO,USA
SAN PEDRO DE MAC,DOMINICAN REPUBLIC
SAN PEDRO ARG,ARGENTINA
SAN VICENTE,CHILE
SANDAKAN,MALAYSIA
SANDHEADS,INDIA
SANDNESSJOEN,NORWAY
SANDY HOOK,USA
SANEGAON,INDIA
SANGATTA,INDONESIA
SANGHI,INDIA
SANGI,PHILIPPINES
SANTA CRUZ,SPAIN
SANTA CRUZ DAS FLORES,PORTUGAL
SANTA CRUZ DE LA PALMA,SPAIN
SANTA CRUZ MARIND,PHILIPPINES
SANTA CRUZ PH,PHILIPPINES
SANTA LUCIA,CUBA
SANTA MARIA PHIL.,PHILIPPINES
SANTA MARTA,COLOMBIA
SANTA PANAGIA,ITALY
SANTA ROSALIA,MEXICO
SANTAN TERMINAL,INDONESIA
SANTANA,BRAZIL
SANTANDER,SPAIN
SANTAREM,BRAZIL
SANTIAGO DE CUBA,CUBA
SANTO,VANUATU
SANTO DOMINGO,DOMINICAN REPUBLIC
SANTO TOMAS DE CASTILLA,GUATEMALA
SANTORINI,GREECE
SANTOS,BRAZIL
SANYA,CHINA
SAO FILIPE,CAPE VERDE
SAO FRANCISCO DO SUL,BRAZIL
SAO LUIS,BRAZIL
SAO SEBASTIAO,BRAZIL
SAO TOME,SAO TOME & PRINCIPE
SAPELE,NIGERIA
SARANDE,ALBANIA
SARIAYA,PHILIPPINES
SARROCH,ITALY
SASEBO,JAPAN
SATTAHIP,THAILAND
SATUI,INDONESIA
SAUDA,NORWAY
SAVANNAH,USA
SAVONA,ITALY
SAVUSAVU,FIJI
SAXI-BATUQUEANGOLA,ANGOLA
SCAPA FLOW,UK
SCHEVENINGEN,NETHERLANDS
SCHIEDAM,NETHERLANDS
SEA EAGLE FPSO,NIGERIA
SEARSPORT,USA
SEATTLE,USA
SEBUKU,INDONESIA
SEMARANG,INDONESIA
SEMBAWANG,SINGAPORE
SEMIRARA,PHILIPPINES
SENBOKU,JAPAN
SENDAI,JAPAN
SENDAI KYUSHU,JAPAN
SEPETIBA,BRAZIL
SEPTILES,CANADA
SEQI,GREENLAND
SERIA,BRUNEI
SERPENTINA FPSO,EQUATORIAL GUINEA
SERUI,INDONESIA
SETE,FRANCE
SETUBAL,PORTUGAL
SEVASTOPOL,UKRAINE
SEVILLE,SPAIN
SEWARD,USA
SEYMOUR,ECUADOR
SFAX,TUNISIA
SHA LUNG,TAIWAN
SHAJIAO,CHINA
SHANGHAI,CHINA
SHANHAIGUAN,CHINA
SHANNON ESTUARY,IRELAND
SHANTOU,CHINA
SHANWEI,CHINA
SHARJAH,UAE
SHARM EL SHEIKH,EGYPT
SHEERNESS,UK
SHEET HARBOR,CANADA
SHEKOU,CHINA
SHENHU,CHINA
SHENZHEN,CHINA
SHIBUSHI,JAPAN
SHIDAO,CHINA
SHIHU,CHINA
SHIKAMA,JAPAN
SHIMIZU,JAPAN
SHIMONOSEKI,JAPAN
SHIMOTSU,JAPAN
SHIN KASADO DOCKYARD,JAPAN
SHOREHAM,UK
SHUAIBA,KUWAIT
SHUI DONG,CHINA
SHUWAIKH,KUWAIT
SIASI,PHILIPPINES
SIBENIK,CROATIA
SIBOLGA,INDONESIA
SIDI KERIR TERMINAL,EGYPT
SIHANOUKVILLE,CAMBODIA
SIKKA,INDIA
SILLAMAE,ESTONIA
SINES,PORTUGAL
SINGAPORE,SINGAPORE
SIPITANG,MALAYSIA
SIRACUSA,ITALY
SITRA,BAHRAIN
SITTWE,MYANMAR
SKAGEN,DENMARK
SKAGWAY,USA
SKELLEFTEHAMN,SWEDEN
SKIKDA,ALGERIA
SKUDENESHAVN,NORWAY
SLAGEN,NORWAY
SLAVYANKA,RUSSIA
SLITE,SWEDEN
SLOVAG,NORWAY
SLUISKIL,NETHERLANDS
SMAL-KALDEN,SURINAME
SOCHI,RUSSIA
SODEGAURA,JAPAN
SODERHAMN,SWEDEN
SOHAR,OMAN
SOKHNA,EGYPT
SOLVESBORG,SWEDEN
SOMA,JAPAN
SOMERSET,USA
SONBONG,KOREA
SONGKHLA,THAILAND
SONGRIM,NORTH KOREA
SONGXIA,CHINA
SOREL,CANADA
SOROOSH TERMINAL,IRAN
SORREISA,NORWAY
SORRENTO,ITALY
SOUDA BAY,GREECE
SOURIS,CANADA
SOUSSE,TUNISIA
SOUTH BROOK,CANADA
SOUTH KALIMANTAN,INDONESIA
SOUTH PULAU LAUT,INDONESIA
SOUTH RIDING POINT,BAHAMAS
SOUTHAMPTON,UK
SOUTHPORT,USA
SOUTHWOLD,UK
SOYO TERMINAL,ANGOLA
SPARROWS POINT,USA
SPLIT,CROATIA
SQUAMISH,CANADA
SRIRACHA,THAILAND
ST HELIER,UK
ST. CROIX ISL,VIRGIN ISLANDS
ST. EUSTATIUS,NETHERLANDS ANTILLES
ST. GEORGE BERMUDA,BERMUDA
ST. GEORGE'S GRENADA,GRENADA
ST. HELENA BAY,SOUTH AFRICA
ST. JAMESLA,USA
ST. JOHNN.B.,CANADA
ST. JOHNS ANT.,ANTIGUA & BARBUDA
ST. JOHNS N.F.,CANADA
ST. LAWRENCE,CANADA
ST. MALO,FRANCE
ST. NAZAIRE,FRANCE
ST. PETER PORT,UK
ST. PETERSBURG,RUSSIA
ST. PETERSBURG FL,USA
ST. PIERRE,CANADA
ST. ROSE,USA
ST. THOMAS,VIRGIN ISLANDS
ST. TROPEZ,FRANCE
STADE,GERMANY
STANLEY HARBOUR,FALKLAND ISLANDS
STANLOW,UK
STAPLETON,USA
STAVANGER,NORWAY
STEEN BANK,NETHERLANDS
STEINSHAMN,NORWAY
STENUNGSUND,SWEDEN
STEPHENVILLE,CANADA
STETTIN,POLAND
STEWART B.C.,CANADA
STIGSNAES,DENMARK
STOCKHOLM,SWEDEN
STOCKTON,USA
STORD,NORWAY
STORNOWAY,UK
STRAUMSVIK,ICELAND
STURE,NORWAY
STYLIS,GREECE
SUAL,PHILIPPINES
SUAO,TAIWAN
SUAPE,BRAZIL
SUBIC BAY,PHILIPPINES
SUEZ,EGYPT
SULAHO,INDONESIA
SULINA,ROMANIA
SULLUM VOE,UK
SULTAN QABOOS,OMAN
SUMBAWA BESAR,INDONESIA
SUMMERSIDE,CANADA
SUNDERLAND,UK
SUNGAI PAKNING,INDONESIA
SUNGAITIRAM,INDONESIA
SUNK,UK
SUNNDALSORA,NORWAY
SUNNY POINT,USA
SUPE PERU,PERU
SUR,OMAN
SURABAYA,INDONESIA
SURALAYA,INDONESIA
SURIGAO (INBOUND),PHILIPPINES
SURIGAO (OUTBOUND),PHILIPPINES
SURIGAO ANCHOR,PHILIPPINES
SUSAKI,JAPAN
SUSOH,INDONESIA
SUVA,FIJI
SVEA,SVALBARD & JAN MAYEN
SVENDBORG,DENMARK
SVETLYY,RUSSIA
SW PASS,USA
SWANSEA,UK
SWINOUJSCIE,POLAND
SYDNEY,AUSTRALIA
SYDNEY N.S.,CANADA
SYROS,GREECE
TA KUNTAH,MEXICO
TABACO,PHILIPPINES
TABANGAO,PHILIPPINES
TABONEO,INDONESIA
TACHIBANA,JAPAN
TACLOBAN,PHILIPPINES
TACOMA,USA
TADOTSU,JAPAN
TAEAN,KOREA
TAFT,USA
TAGANITO,PHILIPPINES
TAGONOURA,JAPAN
TAHARA,JAPAN
TAHITI FIELD,USA
TAHKOLUOTO,FINLAND
TAHSIS,CANADA
TAICANG,CHINA
TAICHUNG,TAIWAN
TAIPEI,TAIWAN
TAISHAN POWER PLANT,CHINA
TAIXING,CHINA
TAIZHOU JIANGSU,CHINA
TAIZHOU ZHEJIANG,CHINA
TAKAMATSU,JAPAN
TAKEHARA,JAPAN
TAKORADI,GHANA
TALAGA SULAWESI,INDONESIA
TALAMONE,ITALY
TALARA,PERU
TALCAHUANO,CHILE
TALLINN,ESTONIA
TAMAN,UKRAINE
TAMANO,JAPAN
TAMATAVE,MADAGASCAR
TAMBEA,INDONESIA
TAMPA,USA
TAMPICO,MEXICO
TANA MERAH,INDONESIA
TANAH KUNING,INDONESIA
TANANGER,NORWAY
TANAUAN,PHILIPPINES
TANDJUNG PRIOK,INDONESIA
TANGA,TANZANIA
TANGER MED,MOROCCO
TANGIERMOR.,MOROCCO
TANIYAMA,JAPAN
TANJONG MANI,MALAYSIA
TANJONG SALIRONG,BRUNEI
TANJUNG BARA,INDONESIA
TANJUNG BIN,MALAYSIA
TANJUNG BULI,INDONESIA
TANJUNG BUYUT,INDONESIA
TANJUNG GEREM,INDONESIA
TANJUNG GUNUNG,INDONESIA
TANJUNG JATI,INDONESIA
TANJUNG KARIMUN,INDONESIA
TANJUNG LEPE,INDONESIA
TANJUNG MANGKOK,INDONESIA
TANJUNG MANIS,MALAYSIA
TANJUNG PATAGAN,INDONESIA
TANJUNG PELEPAS,MALAYSIA
TANJUNG PEMANCINGAN,INDONESIA
TANJUNG PERMACINGAM,INDONESIA
TANJUNG PEUTANG ANCHORAGE,INDONESIA
TANJUNG PINANG,INDONESIA
TANJUNG PRIOK,INDONESIA
TANJUNG TEWIL,INDONESIA
TANJUNG WANGI,INDONESIA
TAOLAGNARO,MADAGASCAR
TAP SHEK KOK,CHINA
TAPUNGGAYA,INDONESIA
TAPUNOPAKA,INDONESIA
TARAHAN,INDONESIA
TARAKAN ISLAND,INDONESIA
TARANTO,ITALY
TARAWA ATOLL,KIRIBATI
TARIFA,SPAIN
TARJUN,INDONESIA
TARRAGONA,SPAIN
TARTOUS,SYRIA
TASUCU,TURKEY
TAURANGA,NEW ZEALAND
TAVSANCIL,TURKEY
TAWAU,MALAYSIA
TAWI TAWI,PHILIPPINES
TEESPORT,UK
TEKIRDAG,TURKEY
TELANG,INDONESIA
TELUK BAYUR PADANG,INDONESIA
TELUK ILHOONG,INDONESIA
TELUK MANDIODO,INDONESIA
TEMA,GHANA
TEMBILAHAN,INDONESIA
TEMBLADORA,TRINIDAD AND TOBAGO
TENERIFE,SPAIN
TEOUDIE,NEW CALEDONIA
TERMINI IMERESE,ITALY
TERMISA TERMINAL,BRAZIL
TERNATE,INDONESIA
TERNEUZEN,NETHERLANDS
TERRA NOVA BAY,ANTARCTICA
TEXADA ISLE,CANADA
TEXAS,USA
TEXAS CITY,USA
THA THONG,THAILAND
THAMES RIVER,UK
THAMESPORT,UK
THASALA,THAILAND
THEODORE,USA
THEODOSIA,UKRAINE
THESSALONIKI,GREECE
THEVENARD,AUSTRALIA
THISVI,GREECE
THORSHAVN,FAROE ISLANDS
THREE RIVERS,CANADA
THULE,GREENLAND
TIANJIN,CHINA
TIANJINXINGANG,CHINA
TIESHAN,CHINA
TILBURY,UK
TIMARU,NEW ZEALAND
TIN CAN ISLAND,NIGERIA
TKY,JAPAN
TOAMASINA,MADAGASCAR
TOARMINA,ITALY
TOBATA,JAPAN
TOBRUK,LIBYA
TOCOPILLA,CHILE
TOFTE,NORWAY
TOK BALI,MALAYSIA
TOKACHI,JAPAN
TOKAI,JAPAN
TOKUYAMA,JAPAN
TOKYO,JAPAN
TOLALA,INDONESIA
TOLEDO,USA
TOLSTOI,USA
TOMAKOMAI,JAPAN
TOMO,NEW CALEDONIA
TOMOGASHIMA,JAPAN
TONDA,JAPAN
TONGHAE,KOREA
TONGKONUNUK,INDONESIA
TONGOFA,INDONESIA
TONGUE ANCHORAGE,UK
TONGYEONG,KOREA
TONSBERG,NORWAY
TOPOLOBAMPO,MEXICO
TOR BAY,UK
TORNIO,FINLAND
TOROBULU,INDONESIA
TORONTO,CANADA
TORRE ANNUNZIATA,ITALY
TORREVIEJA,SPAIN
TORTOLA,VIRGIN ISLANDS
TOTALA,INDONESIA
TOTORALILLO,CHILE
TOULON,FRANCE
TOWI,INDONESIA
TOWNSVILLE,AUSTRALIA
TOYAMA,JAPAN
TOYOHASHI,JAPAN
TRABZON,TURKEY
TRAMANDAI TERMINAL,BRAZIL
TRANMERE,UK
TRANOY,NORWAY
TRAPANI,ITALY
TRELLEBORG,SWEDEN
TRIESTE,ITALY
TRINCOMALEE,SRI LANKA
TRIPOLI,LEBANON
TRIPOLI LIBYA,LIBYA
TROMBETAS,BRAZIL
TROMSO,NORWAY
TRONDHEIM,NORWAY
TSINGELI,GREECE
TSU,JAPAN
TSUKUMI,JAPAN
TSUNEISHI VIA TOMO,JAPAN
TSUNEISHI-BUNGO,JAPAN
TSURUGA,JAPAN
TUAPSE,RUSSIA
TUBAN,INDONESIA
TUBARAO,BRAZIL
TUBAY,PHILIPPINES
TULCEA,ROMANIA
TULEAR,MADAGASCAR
TUMACO,COLOMBIA
TUNADAL,SWEDEN
TUNIS,TUNISIA
TURBO,COLOMBIA
TURF POINT,CANADA
TURKU,FINLAND
TUTICORIN,INDIA
TUTUN CIFTLIK,TURKEY
TUXPAN,MEXICO
TUZLA,TURKEY
TYNEMOUTH,UK
TYSSEDAL,NORWAY
UBE,JAPAN
UBE (KANMON),JAPAN
UDDEVALLA,SWEDEN
UEKULI,INDONESIA
UGLEGORSK,RUSSIA
UJUNG PANDANG,INDONESIA
ULHEE,INDONESIA
ULSAN,KOREA
UMEA,SWEDEN
UMM QASR,IRAQ
UMM QASR OFFSHORE,IRAQ
UMMSAID,QATAR
UMUDA,PAPUA NEW GUINEA
UPPERNAVIK,GREENLAND
UPRIVER,ARGENTINA
URAGA,JAPAN
USELESS LOOP,AUSTRALIA
USHUAIA,ARGENTINA
USIBA,BRAZIL
UST-LUGA,RUSSIA
USUKI,JAPAN
VAASA,FINLAND
VADINAR TERMINAL,INDIA
VADO LIGURE,ITALY
VALDEZ,USA
VALDIVA,CHILE
VALENCIA,SPAIN
VALLETTA,MALTA
VALLEYFIELD,CANADA
VALPARAISO,CHILE
VANCOUVER B.C.,CANADA
VANCOUVER WA.,USA
VANIMO,PAPUA NEW GUINEA
VANINO,RUSSIA
VARBERG,SWEDEN
VARNA,BULGARIA
VASSILIKO,CYPRUS
VASTERAS,SWEDEN
VASTO,ITALY
VATIKA BAY,GREECE
VAVOUTO,NEW CALEDONIA
VELA LUKA,CROATIA
VELSEN,NETHERLANDS
VENICE,ITALY
VENTSPILS,LATVIA
VERA CRUZ,MEXICO
VERDAL,NORWAY
VESTMANNAEYJAR,ICELAND
VESTNES,NORWAY
VIANA DO CASTELO,PORTUGAL
VIBO VALENTIA,ITALY
VICTORIA,CANADA
VIEUX FORT,SAINT LUCIA
VIGO,SPAIN
VIGRA,NORWAY
VIJAYDURG,INDIA
VILA DO CONDE,BRAZIL
VILANOVA,SPAIN
VILLA CONSTITUCION,ARGENTINA
VILLA GARCIA,SPAIN
VILLANUEVA,PHILIPPINES
VILLEFRANCHE,FRANCE
VINASHIN SHIP YARD,VIETNAM
VIRGIN GORDA,VIRGIN ISLANDS
VISAKHAPATNAM,INDIA
VITINO,RUSSIA
VITORIA,BRAZIL
VLADIVOSTOK,RUSSIA
VLISSINGEN,NETHERLANDS
VOISEY BAY,CANADA
VOLOS,GREECE
VOLTRI,ITALY
VOSTOCHNY,RUSSIA
VUNG ANG,VIETNAM
VUNG RO,VIETNAM
VUNG TAO,VIETNAM
VYBORG,RUSSIA
VYSOTSK,RUSSIA
WADI FEIRAN TERMINAL,EGYPT
WAISUMO,INDONESIA
WAKAYAMA,JAPAN
WALLAROO,AUSTRALIA
WALLHAMN,SWEDEN
WALVIS BAY,NAMIBIA
WANDELAAR,BELGIUM
WARNEMUNDE,GERMANY
WARRENPOINT,UK
WARRI,NIGERIA
WATERFORD,IRELAND
WEDA,INDONESIA
WEDEL,GERMANY
WEIHAI,CHINA
WEIPA,AUSTRALIA
WELLINGTON,NEW ZEALAND
WENCHONG,CHINA
WENZHOU,CHINA
WESERPORT,GERMANY
WEST THURROCK,UK
WESTEREEMS,GERMANY
WESTERNPORT,AUSTRALIA
WESTHINDER,BELGIUM
WESTWEGO,USA
WEWAK,PAPUA NEW GUINEA
WEYMOUTH,UK
WHANGAREI,NEW ZEALAND
WHIFFEN HEAD,CANADA
WHITEGATE,IRELAND
WHITTIER,USA
WHYALLA,AUSTRALIA
WILHELMSHAVEN,GERMANY
WILLEMSTAD,NETHERLANDS ANTILLES
WILMINGTON CAL,USA
WILMINGTON DEL,USA
WILMINGTON NC,USA
WINDSOR ONTARIO,CANADA
WONSAN,NORTH KOREA
WOOSUNG,CHINA
WORKINGTON,UK
WYNDHAM,AUSTRALIA
XIA OHU DAO,CHINA
XIAMEN,CHINA
XIAO CUO,CHINA
XIAZHIMEN,CHINA
XIKOMBA TERMINAL,ANGOLA
XINGANG,CHINA
XINHUI,CHINA
XINSHA,CHINA
XIUYU,CHINA
YABUCOA,PUERTO RICO
YALOVA,TURKEY
YALTA,UKRAINE
YAMBURG,RUSSIA
YANBU,SAUDI ARABIA
YANGJIANG,CHINA
YANGON,MYANMAR
YANGPU,CHINA
YANGSANG,CHINA
YANGSHAN,CHINA
YANGZHOU,CHINA
YANTAI,CHINA
YANTIAN,CHINA
YARIMCA,TURKEY
YATSUSHIRO,JAPAN
YAWATA,JAPAN
YENIKOY,TURKEY
YEONGHEUNG,KOREA
YEOSU,KOREA
YINGKOU (BAYUQUAN),CHINA
YIZHENG,CHINA
YOHO TERMINAL,NIGERIA
YOKKAICHI,JAPAN
YOKOHAMA,JAPAN
YOKOSUKA,JAPAN
YOMBO TERMINAL,CONGO
YORKTOWN,USA
YOUNGHUNGDO,KOREA
YSTAD,SWEDEN
YUHUAN,CHINA
YURA,JAPAN
YUZHNO-KURILSK,RUSSIA
YUZHNY,UKRAINE
ZADAR,CROATIA
ZAHRANI,LEBANON
ZAMBOANGA,PHILIPPINES
ZANZIBAR,TANZANIA
ZARATE,ARGENTINA
ZARUBINO,RUSSIA
ZARZIS,TUNISIA
ZAWIA,LIBYA
ZEEBRUGGE,BELGIUM
ZELZATE,BELGIUM
ZHANGJIAGANG,CHINA
ZHANGZHOU,CHINA
ZHANJIANG,CHINA
ZHAPU,CHINA
ZHENJIANG,CHINA
ZHOUSHAN,CHINA
ZHUANGYUAN AO,CHINA
ZHUHAI,CHINA
ZHUJIANG RIVER,CHINA
ZIHUATANEJO,MEXICO
ZIRKU ISLAND,UAE
ZONGULDAK,TURKEY
ZUARA,LIBYA
